id,count,website_name
1,5,google
2,0,facebook
3,0,geeksforgeeks
4,0,javatpoint
5,0,wikipedia
6,1,govt.in

id,count,website_name
1,5,google
2,0,facebook
3,0,geeksforgeeks
4,0,javatpoint
5,0,wikipedia
6,2,govt.in
id,count,website_name
1,5,google
2,0,facebook
3,0,geeksforgeeks
4,0,javatpoint
5,0,wikipedia
6,3,govt.in
id,count,website_name
1,5,google
2,0,facebook
3,0,geeksforgeeks
4,0,javatpoint
5,0,wikipedia
6,4,govt.in
id,count,website_name
1,5,google
2,0,facebook
3,0,geeksforgeeks
4,0,javatpoint
5,0,wikipedia
6,5,govt.in
id,count,website_name
1,5,google
2,0,facebook
3,0,geeksforgeeks
4,0,javatpoint
5,0,wikipedia
6,6,govt.in
